episode_id,outcome,prediction,label
0000,0,0.09011528976752159,0
0001,1,0.8598912950819162,1
0002,1,0.17033509486518805,1
0003,3,0.06042401432456368,0
0004,3,0.05481510037956561,0
0005,3,0.5174806041240035,0
0006,3,0.2949925246243311,0
0007,3,0.9993039862536849,0
0008,0,0.7390950403284668,0
0009,0,0.7955299595030654,0
