episode_id,outcome,prediction,label
0000,3,0.5566761168164692,0
0001,0,0.3137762913244263,0
0002,0,0.7231716675220523,0
0003,0,0.4878664688944966,0
0004,0,0.9940907708213375,0
0005,0,0.09537581952983976,0
0006,0,0.4892919335757804,0
0007,1,0.16614270762046002,1
0008,3,0.8528341974003373,0
0009,1,0.9607521783003975,1
