episode_id,outcome,prediction,label
0000,1,0.4620589807941118,1
0001,1,0.9650089636491358,1
0002,1,0.0315234231430247,1
0003,0,0.3799316120959755,0
0004,3,0.09289347019289695,0
0005,0,0.1230342139127375,0
0006,1,0.8249383485951709,1
0007,3,0.2471282039031083,0
0008,1,0.6235651237029348,1
0009,3,0.8408780525113658,0
