episode_id,outcome,prediction,label
0000,3,0.0063406403197441286,0
0001,0,0.8977028214762462,0
0002,1,0.9594459641405931,1
0003,3,0.8676560299257737,0
0004,1,0.6480921165002388,1
0005,3,0.4344554131728098,0
0006,3,0.8276636096005473,0
0007,1,0.12212354127933911,1
0008,3,0.901067037728476,0
0009,1,0.22559508681482654,1
