episode_id,outcome,prediction,label
0000,0,0.19568259669358845,0
0001,1,0.49236202079274183,1
0002,1,0.5966617542615835,1
0003,3,0.6550639066720372,0
0004,3,0.4664718897981135,0
0005,0,0.7672383831429004,0
0006,0,0.46815494229209664,0
0007,3,0.997447083344063,0
0008,1,0.27434973140842367,1
0009,0,0.5621010486118156,0
