episode_id,outcome,prediction,label
0000,3,0.5804595984694338,0
0001,1,0.9431924981373078,1
0002,0,0.3711797182692691,0
0003,0,0.8441958128788597,0
0004,0,0.929012618950242,0
0005,0,0.0031486791719885776,0
0006,1,0.6408709533188929,1
0007,1,0.4449112083761032,1
0008,0,0.16886002449015614,0
0009,3,0.03083278610263762,0
