episode_id,outcome,prediction,label
0000,1,0.7594054227193702,1
0001,1,0.0321539648391338,1
0002,1,0.7279156710794908,1
0003,1,0.623546425256822,1
0004,3,0.12715563170549038,0
0005,0,0.49103684817867266,0
0006,0,0.3130639981552308,0
0007,3,0.08621475828410674,0
0008,0,0.038430500832816294,0
0009,1,0.7853001976091069,1
