episode_id,outcome,prediction,label
0000,3,0.5440920217311649,0
0001,1,0.7172210579073642,1
0002,0,0.14007665058213814,0
0003,3,0.6740534655834993,0
0004,1,0.1795149913149735,1
0005,1,0.10314072302734079,1
0006,1,0.45444944958007316,1
0007,0,0.16256749193681952,0
0008,3,0.48825545336084875,0
0009,1,0.8313849935522114,1
