episode_id,outcome,prediction,label
0000,3,0.623012875070711,0
0001,0,0.7609766033710081,0
0002,0,0.8821985698900344,0
0003,0,0.3833845110228886,0
0004,1,0.6423577256522975,1
0005,0,0.08323113289803963,0
0006,3,0.9547715285599468,0
0007,1,0.7152244477544697,1
0008,3,0.08113559711829921,0
0009,3,0.91609863036501,0
