episode_id,outcome,prediction,label
0000,0,0.45070967239942195,0
0001,1,0.6601036047728446,1
0002,0,0.5869036453612869,0
0003,0,0.8896266941258547,0
0004,0,0.7092960520793822,0
0005,1,0.2665075934168023,1
0006,0,0.04223789811423573,0
0007,0,0.09259717444737858,0
0008,0,0.9887402998762306,0
0009,0,0.7795845764120256,0
